country,1947,1948,1949,1950,1951,1952,1953,1954,1955,1956,1957,1958,1959,1960,1961,1962,1963,1964,1965,1966,1967,1968,1969,1970,1971,1972,1973,1974,1975,1976,1977,1978,1979,1980,1981,1982,1983,1984,1985,1986,1987,1988,1989,1990,1991,1992,1993,1994,1995,1996,1997,1998,1999,2000,2001,2002,2003,2004,2005,2006,2007,2008,2009,2010,2011,2012,2013,2014,2015,2016,2017
Afghanistan,,,,,,,,,,,,,,,,,,,,,,,,,,,,,,,,,,,,,,,,,,,,,,,,,,,,,,,,,,,,,,2.49,,,,1.69,,,,,
Albania,,,,,,,,,,,,,,,,,,,,,,,,,,,,,,,,,,,,,,,,,,,,,,,,,,,,,,,,,,,,,16,13.1,13.7,14.1,13.5,13.4,15.9,17.5,17.1,15.2,13.8
Algeria,,,,,,,,,,,,,,,,,,,,,,,,,,,,,,,,,,,,,,,,,,,,,20.6,24.4,26.2,27.7,31.8,,25.4,,,29.8,27.3,25.9,23.7,17.6,15.3,12.3,13.8,11.3,10.2,9.96,9.96,11,9.82,10.2,11.2,10.2,13.6
Angola,,,,,,,,,,,,,,,,,,,,,,,,,,,,,,,,,,,,,,,,,,,,,,,,,,,,,,,,,,,,,,,,9.43,16.8,,,,,,
Antigua and Barbuda,,,,,,,,,,,,,,,,,,,,,,,,,,,,,,,,,,,,,,,,,,,,,6,,,,,,,,,,,,,,,,,,,,,,,,,,
Argentina,,,,,,,,,,,,,,,,,,,,,,,,4.8,6,6.6,5.6,3.4,2.3,4.5,2.8,2.8,2,2.3,4.5,4.73,4.17,3.54,5.3,4.4,5.3,6,7.3,7.06,5.44,6.36,10.1,11.8,18.8,17.1,14.8,12.7,14.1,15,17.3,19.6,15.4,13.5,11.5,10.1,8.47,7.84,8.65,7.71,7.18,7.22,7.1,7.27,,,8.35
Armenia,,,,,,,,,,,,,,,,,,,,,,,,,,,,,,,,,,,,,,,,,,,,,,,,,,,,,,,,,,,,,,,,,,,,17.5,18.3,17.6,17.8
Australia,,,,,,,,,,,,,,,,,,,,,,,,,,,,,,,,,6.26,6.11,5.78,7.16,9.96,8.99,8.26,8.08,8.11,7.23,6.17,6.93,9.58,10.7,10.9,9.72,8.47,8.51,8.36,7.68,6.87,6.28,6.74,6.37,5.93,5.39,5.03,4.78,4.38,4.23,5.56,5.21,5.08,5.22,5.66,6.08,6.06,5.71,5.59
Austria,,,,,,,,,,,,,,,,,,,,,,,,,,,,,,,,,,,,,,,,,,,,,,,,3.54,4.35,5.28,5.15,5.52,4.7,4.69,4.01,4.85,4.78,5.83,5.63,5.24,4.86,4.13,5.3,4.82,4.56,4.87,5.33,5.62,5.72,6.01,5.5
Azerbaijan,,,,,,,,,,,,,,,,,,,,,,,,,,,,,,,,,,,,,,,,,,,,,,,,,,,,,,11.8,10.9,10,9.25,8,7.3,6.62,6.54,6.05,5.74,5.63,5.42,5.19,4.97,4.91,4.96,5,5
Bahamas,,,,,,,,,,,,,,,,,,,,,,,,,,,8.6,,21.2,,20.9,,14.7,,,,,,,12.1,,11,11.6,,12.2,14.8,12.7,13.8,10.8,11.5,9.76,7.65,7.45,,6.87,9.05,10.8,10.2,10.2,7.54,7.88,8.18,14.3,,14.5,14,16.2,13.8,12,12.7,
Bahrain,,,,,,,,,,,,,,,,,,,,,,,,,,,,,,,,,,,,,,,,,,,,,,,,,,,,,,,,,,,,,,,,1.13,,,,,,,
Bangladesh,,,,,,,,,,,,,,,,,,,,,,,,,,,,,,,,,,,,,,2.04,2.02,0.96,,,0.92,,2.2,,,,,2.51,,,,3.27,,,4.32,,4.25,3.59,,,5,3.38,,,4.43,,,4.35,4.37
Barbados,,,,,,,,,,,,,,,,,,,,,,,,,,,,,,9.86,12.4,13.3,9.45,8.98,7.23,8.39,9.06,17,18.9,17.9,17.9,17.6,14.1,8.16,7.52,22.9,24.5,23,19.7,14.7,14.6,12.4,10.6,9.35,9.85,10.3,11,9.57,9.08,8.73,7.41,8.12,10,10.7,11.2,11.6,11.6,12.2,11.3,9.72,
Belarus,,,,,,,,,,,,,,,,,,,,,,,,,,,,,,,,,,,,,,,,,,,,,,,,,,,,,,,,,,,,,,,,,,,,,,5.84,5.65
Belgium,,,,,,,,,,,,,,,,,,,,,,,,,,,,,,,,,,,,,11.7,11.9,11.3,11.3,11.3,10.1,8.28,7.25,6.99,6.7,8.08,9.65,9.34,9.48,8.96,9.32,8.65,6.59,6.18,6.91,7.68,7.36,8.44,8.25,7.46,6.98,7.91,8.29,7.14,7.54,8.43,8.52,8.48,7.83,7.09
Belize,,,,,,,,,,,,,,,,,,,,,,,,,,,,,,,,,,,,,,,,,,,,,,,9.78,11.1,12.5,13.8,12.7,14.3,12.8,,9.07,10,,,10.9,9.39,8.51,8.18,,,,14.3,11.7,11.6,9.97,7.91,9
Benin,,,,,,,,,,,,,,,,,,,,,,,,,,,,,,,,,,,,,,,,,,,,,,,,,,,,,,,,,,,,,,,,1.04,2.65,,,,,,
Bhutan,,,,,,,,,,,,,,,,,,,,,,,,,,,,,,,,,,,,,,,,,,,,,,,,,,,,1.4,1.4,,1.9,,1.8,2.49,3.1,3.13,3.7,,3.96,3.32,3.23,2.05,2.87,2.63,2.45,,
Bolivia,,,,,,,,,,,,,,,,,,,,,,,,,,,,,,,,,,,,,,,,,,,10.1,6.69,6.59,5.52,5.99,3.08,3.69,5.23,2.08,,3.93,4.47,5.24,5.48,,4.17,5.45,5.08,5.18,,,,,,,,,,
Bosnia and Herzegovina,,,,,,,,,,,,,,,,,,,,,,,,,,,,,,,,,,,,,,,,,,,,,,,,,,,,,,,,,,,,31.1,29,23.4,24.1,27.3,27.6,28,27.4,27.5,27.6,25.4,20.5
Botswana,,,,,,,,,,,,,,,,,,,,,,,,,,,,,,,,,,,,,,,25.7,,,,,,,,,21.2,,21.6,,20.9,,15.9,,,23.8,,,17.8,,,,,,,,,,,
Brazil,,,,,,,,,,,,,,,,,,,,,,,,,,,,,,,,,,,,,,,,,,,,,,,,,,,,,,,,,,,,,,,,,,7.19,6.99,6.67,8.44,11.6,12.8
Brunei,,,,,,,,,,,,,,,,,,,,,,,,,,,,,,,,,,,,,,,,,,,,,,,,,,,,,,,,,,,,,,,,,,,,6.97,,,9.32
Bulgaria,,,,,,,,,,,,,,,,,,,,,,,,,,,,,,,,,,,,,,,,,,,,,,,,,,,,,,16.2,19.9,18.1,13.7,12,10.1,8.95,6.88,5.61,6.82,10.3,11.3,12.3,12.9,11.4,9.14,7.57,6.16
Burkina Faso,,,,,,,,,,,,,,,,,,,,,,,,,,,,,,,,,,,,,,,,,,,,,,,,,,,,,,,,,,,,,,,,,,,,6.48,,,
Burundi,,,,,,,,,,,,,,,,,,,,,,,,,,,,,,,,,,,,,,,,,,,,,,,,,,,,,,,,,,,,,,,,,,,,1.57,,,
Cambodia,,,,,,,,,,,,,,,,,,,,,,,,,,,,,,,,,,,,,,,,,,,,,,,,,,,,,,2.45,1.64,,,7.53,,,,,,,,1.28,,,,,
Cameroon,,,,,,,,,,,,,,,,,,,,,,,,,,,,,,,,,,,,,,,,,,,,,,,,,,,,,,,,,,,,,,,,4.11,,,,,,,
Canada,,,,,,,,,,,,,,,,,,,,,,,4.7,5.9,6.4,6.3,5.6,5.4,6.9,7.09,8.05,8.38,7.53,7.54,7.61,11,12,11.3,10.5,9.59,8.82,7.76,7.55,8.13,10.3,11.2,11.4,10.4,9.49,9.62,9.1,8.28,7.58,6.83,7.22,7.66,7.57,7.19,6.76,6.32,6.04,6.14,8.34,8.06,7.51,7.29,7.07,6.91,6.91,7,6.34
Cape Verde,,,,,,,,,,,,,,,,,,,,,,,,,,,,,,,,,,,,,,,,,,,,,,,,,,,,,,,,,,,,,,,,,,,,,36.5,,12.2
Chad,,,,,,,,,,,,,,,,,,,,,,,,,,,,,,,,,,,,,,,,,,,,,,,0.7,,,,,,,,,,,,,,,,,,,,,,,,
Chile,,,,,,,,,,,,,,,,,,,,,,,,,,,,,14.7,12.8,11.8,14.3,13.6,10.5,11.3,19.6,14.7,13.9,,8.71,,6.23,5.29,5.63,5.23,4.35,4.49,5.87,4.7,7.41,7.14,7.31,11.2,10.5,10.4,10.2,9.77,10.2,9.34,9.02,8.43,9.29,11.3,8.42,7.34,6.66,6.21,6.66,6.51,6.74,6.96
China,,,,,,,,,,,,,,,,,,,,,,,,,,,,,,,,5.3,5.4,4.9,3.8,3.2,2.3,1.9,1.8,2,2,2,2.6,2.5,2.3,2.3,2.6,2.8,2.9,3,3.1,3.1,3.1,3.1,3.6,4,4.3,4.2,4.2,4.1,4,4.2,4.3,4.1,4.1,4.1,4.05,4.1,,,3.9
Colombia,,,,,,,,,,,,,,,,,,,,,,,,,,,,,10.6,,9.4,,,9.1,8.13,11.5,11.1,13,13.9,12.9,10.8,,,,10.1,9.44,7.8,8.25,8.72,11.8,12.1,15,20.1,20.5,15,15.6,14.2,13.7,11.9,,11.2,11.3,12.1,11,10.1,9.74,9.05,8.57,8.3,8.69,8.87
Comoros,,,,,,,,,,,,,,,,,,,,,,,,,,,,,,,,,,,,,,,,,,,,,,,,,,,,,,,,,,4.57,,,,,,,,,,,,,
"Congo, Dem. Rep.",,,,,,,,,,,,,,,,,,,,,,,,,,,,,,,,,,,,,,,,,,,,,,,,,,,,,,,,,,,2.85,,,,,,,4.49,,,,,
"Congo, Rep.",,,,,,,,,,,,,,,,,,,,,,,,,,,,,,,,,,,,,,,,,,,,,,,,,,,,,,,,,,,,,,,16.1,,,,,,,,
Costa Rica,,,,,,,,,,,,,,,,,,,,,,,,,,,,,,,,,,,,,,,,,,,,,,,,,,,,,,,,,,,,,,,,,10.1,9.78,8.77,9.06,9,8.6,8.14
Cote d'Ivoire,,,,,,,,,,,,,,,,,,,,,,,,,,,,,,,,,,,,,,,,,,,,,,,,,,,,,,,,,,,,,,,,,,7.22,4.25,,,2.6,
Croatia,,,,,,,,,,,,,,,,,,,,,,,,,,,,,,,,,,,,,,,,,,,,,,,,,,,,11.4,13.6,16.1,15.8,15.1,13.9,13.7,12.6,11.1,9.91,8.53,9.2,11.6,13.7,15.9,17.3,17.3,16.2,13.1,11.2
Cuba,,,,,,,,,,,,,,,,,,,,,,,,,,,,,,,,,,,,,,,,,,,,,,,,,8.27,7.61,7.1,6.23,6.26,5.45,4.08,3.31,2.33,1.85,1.95,1.91,1.79,1.58,1.67,2.5,3.18,,3.29,2.7,2.4,,
Cyprus,,,,,,,,,,,,,,,,,,,,,,,,,,,,,,,,,,,,,,,,,,,,,,,,,,,,,,4.97,3.98,3.3,4.14,4.33,5.3,4.54,3.92,3.65,5.36,6.26,7.86,11.8,15.9,16.1,14.9,12.9,11.1
Czech Republic,,,,,,,,,,,,,,,,,,,,,,,,,,,,,,,,,,,,,,,,,,,,,,,4.32,4.3,4.02,3.89,4.27,5.9,8.49,8.76,7.99,7.02,7.54,8.21,7.93,7.15,5.32,4.39,6.66,7.28,6.71,6.98,6.95,6.11,5.05,3.95,2.89
Denmark,,,,,,,,,,,,,,,,,,,,,,,,,,,,,,,,,,,,,9.74,8.87,7.8,6.03,6.09,6.49,8.15,8.34,9.1,9.03,10.7,8.04,6.99,6.84,5.4,5.04,5.14,4.48,4.16,4.27,5.4,5.2,4.83,3.9,3.8,3.43,6.01,7.46,7.57,7.53,7,6.59,6.17,6.18,5.74
Dominica,,,,,,,,,,,,,,,,,,,,,,,,,,,,,,,,,,,,,,,,,,,11.3,,,,,,,,23.2,,15.7,,,,,,,,,,,,,,,,,,
Dominican Republic,,,,,,,,,,,,,,,,,,,,,,,,,,,,,,,,,,,,,,,,,,,,,,,,,,,,,,,,,,,,,,,,,,,,,7.61,7.28,5.83
Ecuador,,,,,,,,,,,,,,,,,,,,,,,,,,,,4.4,5.3,,5.8,,,,,,,,,,7.24,6.99,7.71,5.88,8.19,8.56,7.95,6.68,6.7,10.4,9.17,11.5,14,4.8,4.25,,5.66,5,3.78,3.55,3.14,3.92,4.61,4.09,3.46,3.23,3.08,3.48,3.62,4.6,3.84
Egypt,,,,,,,,,,,,,,,,,,,,,,,,2.4,1.82,1.53,1.71,2.3,2.57,,3.13,3.64,4.55,5.18,4.97,5.21,6.47,5.89,,,,,7.06,8.43,9.38,8.92,10.9,10.9,11,,8.37,8.03,7.95,8.98,9.26,10,11,10.3,11.2,10.5,8.8,8.52,9.09,8.76,11.8,12.6,13.2,13.1,13.1,12.4,11.8
El Salvador,,,,,,,,,,,,,,,,,,,,,,,,,,,,,,,,3.73,6.79,13.3,,,,,16.9,8.63,,9.37,8.35,9.96,7.53,7.88,9.94,7.68,7.65,7.68,7.98,7.1,6.68,6.96,6.96,5.73,6.26,6.05,,6.57,6.41,,,,,,,,,,
Equatorial Guinea,,,,,,,,,,,,,,,,,,,,,,,,,,,,,,,,,,,,,25,,,,,,,,,,,,,,,,,,,,,,,,,,,,,,,,,,
Estonia,,,,,,,,,,,,,,,,,,,,,,,,,,,,,,,,,,,,,,,,,,,,0.637,1.47,3.68,6.54,7.56,9.66,9.91,10.4,9.51,11.6,13.4,13.1,10,11.3,10.2,8.03,5.91,4.59,5.45,13.5,16.7,12.3,10,8.63,7.35,6.19,6.76,5.76
Ethiopia,,,,,,,,,,,,,,,,,,,,,,,,,,,,,,,,,,,,,,,,,,,,,,,,,,,,,3.71,,,,,,2.5,,,,,,,,2.25,,,,
Fiji,,,,,,,,,,,,,,,,,,,,,,,,,,,,,,,,,,,,6.06,,,,,,,,,5.93,5.35,5.88,5.7,5.4,,,,,,,,8.22,4.7,3.89,,,8.94,8.72,8.91,4.41,9,,6.17,,4.32,
Finland,,,,,,,,,,,,,,,,,,,,,,,,,,,,,,,,,,,,,,,,,,,,3.07,6.5,11.6,16.2,16.4,17,15.6,15,13.2,11.7,11.1,10.3,10.4,10.5,10.4,8.38,7.72,6.85,6.37,8.25,8.39,7.78,7.69,8.19,8.66,9.38,8.82,8.64
France,,,,,,,,,,,,,,,,,,,,,,,,,,,,,,,,,,,,,7.92,9.53,10.3,10.2,10.7,10.2,9.62,9.36,9.13,10.2,11.3,12.6,11.8,12.4,12.6,12.1,12,10.2,8.61,8.7,8.31,8.91,8.49,8.45,7.66,7.06,8.74,8.87,8.81,9.4,9.92,10.3,10.4,10.1,9.4
Gabon,,,,,,,,,,,,,,,,,,,,,,,,,,,,,,,,,,,,,,,,,,,,,,,,,,,,,,,,,,,,,,,,20.4,,,,,,,
Gambia,,,,,,,,,,,,,,,,,,,,,,,,,,,,,,,,,,,,,,,,,,,,,,,,,,,,,,,,,,,,,,,,,,9.42,,,,,
Georgia,,,,,,,,,,,,,,,,,,,,,,,,,,,,,,,,,,,,,,,,,,,,,,,,,,,,,,,,,,,,,,,,,,,,,,,13.9
Germany,,,,,,,,,,,,,,,,,,,,,,,,,,,,,,,,,,,,,6.45,6.67,6.87,6.61,6.82,6.32,5.71,4.89,5.32,6.32,7.68,8.73,8.16,8.82,9.86,9.79,8.86,7.92,7.77,8.48,9.78,10.7,11.2,10.3,8.66,7.52,7.74,6.97,5.82,5.38,5.23,4.98,4.62,4.12,3.75
Ghana,,,,,,,,,,,,,,,,,,,,,,,,,,,,,,,,,,,,,,,,,,,,,,,,,,,,,,,,,,,,,,,,,,,,,6.81,,
Greece,,,,,,,,,,,,,,,,,,,,,,,,,,,,,,,,,,,,,7.81,8.1,7.8,7.36,7.36,7.65,7.46,7.02,7.66,7.84,8.61,8.86,9.06,9.66,9.58,10.8,11.9,11.2,10.5,9.97,9.41,10.3,9.99,9.01,8.4,7.76,9.62,12.7,17.9,24.4,27.5,26.5,24.9,23.5,21.5
Grenada,,,,,,,,,,,,,,,,,,,,,,,,,,,,,,,,,,,,,,,,,,,,,,,,26.9,,16.9,,15.2,,,,,,,,,,,,,,,24.2,24.5,22.9,,
Guatemala,,,,,,,,,,,,,,,,,,,,,,,,,,,,,,,,,,,2.15,2.27,,,,,2.4,,1.94,,,,,,,,,,,,,,2.81,2.97,,,,,,3.5,4.13,2.76,3.02,2.72,2.51,2.83,
Guinea,,,,,,,,,,,,,,,,,,,,,,,,,,,,,,,,,,,,,,,,,,,,,,,,,,,,,,,,4.55,,,,,,,,,,,,,,,
Guyana,,,,,,,,,,,,,,,,,,,,,,,,,,,,,,,,,,,,,,,,,13.1,,,,,,,,,,,,,,,,,,,10.7,,,,,,,,,,,
Haiti,,,,,,,,,,,,,,,,,,,,,,,,,,,,,,,,,,,,,,,,,,,,,,,,,,,,,,,,,,,,,16.8,,,,,,,,,,
Honduras,,,,,,,,,,,,,,,,,,,,,,,,,,,,8.1,,,,,,,,7.3,,,,12.1,11.4,,,4.78,4.58,3.06,,,3.24,4.37,3.32,4.02,3.85,,4,4.02,5.3,5.99,4.91,3.57,3.21,3.16,3.29,4.12,4.47,3.75,4.1,5.49,4.59,4.67,4.05
Hungary,,,,,,,,,,,,,,,,,,,,,,,,,,,,,,,,,,,,,,,,,,,,,,9.94,12.1,10.8,10.2,10,8.99,8.93,6.93,6.56,5.67,5.61,5.79,5.83,7.19,7.49,7.41,7.82,10,11.2,11,11,10.2,7.73,6.81,5.11,4.16
Iceland,,,,,,,,,,,,,,,,,,,,,,,,,,,,,,,,,,,,,,,,,,,,,2.55,4.3,5.26,5.33,5.2,3.6,3.72,3.07,2.18,1.94,1.87,2.99,4,4.03,2.55,2.83,2.25,2.95,7.22,7.56,7.03,6,5.38,4.9,3.98,2.98,2.74
India,,,,,,,,,,,,,,,,,,,,,,,,,,,,,,,,,,,,,,,,,,,,,,,,2.59,,,,,,2.73,,,,,3.1,,,,,2.44,,2.69,,,,,
Indonesia,,,,,,,,,,,,,,,,,,,,,,,,,,,,,,1.92,1.29,2.48,,1.66,,2.85,,,2.1,2.59,2.55,2.74,,2.51,2.54,2.67,,,,4.37,4.68,5.46,6.3,6.08,6.08,6.6,6.66,7.3,7.94,7.55,8.06,7.21,6.11,5.61,5.15,4.47,4.34,4.05,4.51,4.3,4.18
Iran,,,,,,,,,,,,,,,,,,,,,,,,,,,,,,,,,,,,,,,,,,,,,,,,,,,,,,,,12.8,,10.3,12.1,11.2,10.6,10.5,12,13.5,12.4,12.6,10.4,10.6,11.1,12.4,12.1
Iraq,,,,,,,,,,,,,,,,,,,,,,,,,,,,,,,,,,,,,,,,,,,,,,,,,,,,,,,,,,,,,8.65,,,,,7.96,,,,,
Ireland,,,,,,,,,,,,,,,,,,,,,,,,,,,,,,,,,,,,,14.8,16.4,17.9,18,18.1,17.4,16.1,14.1,15.8,15,15.6,14.6,12,11.7,10.2,7.7,5.8,4.32,3.68,4.22,4.48,4.49,4.34,4.41,4.98,6.77,12.6,14.5,15.4,15.5,13.7,11.9,9.9,8.37,6.71
Israel,,,,,,,,,,,,,,,,,,,,,,,4.47,3.82,3.46,2.7,2.64,3.05,,3.47,,3.42,2.78,4.59,4.92,4.81,4.32,5.69,6.33,,,,,12.2,13.4,14.1,12.7,9.93,8.78,8.46,9.75,10.7,11.2,11.1,11.8,12.9,13.5,13,11.3,10.7,9.38,7.7,9.53,8.48,7.14,6.86,6.21,5.89,5.25,4.8,4.21
Italy,,,,,,,,,,,,,,,,,,,,,,,,,,,,,,,,,,,,,8.57,9.41,9.41,10.6,10.7,11,11,9.79,10.1,9.33,10.2,11.1,11.7,11.9,12,12.1,11.7,10.8,9.6,9.21,8.87,7.87,7.73,6.78,6.08,6.72,7.75,8.36,8.36,10.7,12.1,12.7,11.9,11.7,11.2
Jamaica,,,,,,,,,,,,,,,,,,,,,,,17.6,,,23.2,22.1,20.5,19.6,21.8,,23.7,,35.5,25,26.7,,,33.4,,,23,,15.7,15.7,15.4,16.3,15.3,16.2,16,16.4,15.5,15.7,15.5,14.9,14.2,11.7,11.4,11.3,10.3,9.75,10.3,11.4,12.4,12.7,13.9,15.3,13.7,13.5,13.2,11.7
Japan,,,,,,,1.9,2.3,2.5,2.3,1.9,2.1,2.2,1.7,1.4,1.3,1.3,1.1,1.2,1.3,1.3,1.2,1.1,1.1,1.2,1.4,1.3,1.4,1.9,2,2,2.2,2.1,2,2.2,2.4,2.6,2.7,2.6,2.8,2.8,2.5,2.3,2.1,2.1,2.2,2.5,2.9,3.2,3.4,3.4,4.1,4.7,4.7,5,5.4,5.3,4.7,4.4,4.1,3.9,4,5.1,5.1,4.52,4.3,4,3.6,3.4,3.1,2.8
Jordan,,,,,,,,,,,,,,,,,,,,,,,,,,,,,,,,,,,,,6.6,,,13.3,14.8,,,,,,19.7,,14.6,13.7,,,,13.7,14.7,15.3,14.5,,14.8,14,13.1,12.7,12.9,12.5,12.9,12.2,12.6,11.9,13.1,15.3,
Kazakhstan,,,,,,,,,,,,,,,,,,,,,,,,,,,,,,,,,,,,,,,,,,,,,,,,,,,,,,,10.4,9.33,8.78,8.4,8.13,7.79,7.26,6.63,6.55,5.77,5.39,5.29,5.2,5.06,4.93,4.96,4.9
Kenya,,,,,,,,,,,,,,,,,,,,,,,,,,,,,,,,,,,,,,,,,,,,,,,,,,,,,10,,,,,,,,,,,,,,,,,,
Kiribati,,,,,,,,,,,,,,,,,,,,,,,,,,,,,,,,,,,,,,,,,,,,,,,,,,,,,,,,,,,14.7,,,,,30.6,,,,,,,
Kuwait,,,,,,,,,,,,,,,,,,,,,,,,,,,,,,,,,,,,,1.02,,,,,1.91,,,,,0.8,0.7,,0.7,0.7,0.7,0.7,0.8,0.8,1.1,1.3,1.7,,,,,,,,,,2.9,2.2,2.16,
Kyrgyz Republic,,,,,,,,,,,,,,,,,,,,,,,,,,,,,,,,,,,,,,,,,,,,,,,,,,,,,,7.54,7.84,12.6,9.92,8.53,8.11,8.27,8.1,8.22,8.41,8.64,8.53,8.43,8.33,8.05,7.56,7.21,6.89
Lao,,,,,,,,,,,,,,,,,,,,,,,,,,,,,,,,,,,,,,,,,,,,,,,,,,,,,,,,,,,,,,,,0.708,,,,,,,9.41
Latvia,,,,,,,,,,,,,,,,,,,,,,,,,,,,,,,,,,,,,,,,,,,,,,,,,,20.3,15.1,14.5,13.8,14.2,13.8,13.8,12.1,11.7,10,7.03,6.05,7.74,17.5,19.5,16.2,15,11.9,10.8,9.87,9.64,8.71
Lebanon,,,,,,,,,,,,,,,,,,,,,,,,,,,,,,,,,,,,,,,,,,,,,,,,,,,,,,,,,,7.85,,,8.98,,6.35,,,,,,,,
Lesotho,,,,,,,,,,,,,,,,,,,,,,,,,,,,,,,,,,,,,,,,,,,,,,,,,,,37.9,,27.3,,,,,,,,,35.5,,,,,24.6,,,,
Liberia,,,,,,,,,,,,,,,,,,,,,,,,,,,,,,,,,,,,,,,,,,,,,,,,,,,,,,,,,,,,,,,,2.27,,,,,,,
Libya,,,,,,,,,,,,,,,,,,,,,,,,,,,,,,,,,,,,,,,,,,,,,,,,,,,,,,,,,,,,,,,,,,19,,,,,
Liechtenstein,,,,,,,,,,,,,,,,,,,,,,,,,,,,,,,,,,,,,,,,,,,,0.15,0.52,0.76,1.36,1.02,0.9,1.6,1.34,1.78,1.78,1.27,1.12,1.45,2.11,2.4,2.66,2.46,2.01,,,,,,,,,,
Lithuania,,,,,,,,,,,,,,,,,,,,,,,,,,,,,,,,,,,,,,,,,,,,,,,,,,,,13.7,13.4,15.9,16.8,13,12.9,10.7,8.32,5.78,4.25,5.83,13.8,17.8,15.4,13.4,11.8,10.7,9.12,7.86,7.07
Luxembourg,,,,,,,,,,,,,,,,,,,,,,,,,,,,,,,,,,,,,3.2,2.63,2.96,2.64,2.47,2,1.59,1.61,1.48,2.03,2.33,3.48,2.92,3.29,2.53,2.76,2.39,2.35,1.81,2.62,3.67,5.11,4.49,4.73,4.07,5.06,5.12,4.36,4.9,5.14,5.85,5.85,6.67,6.29,5.52
Madagascar,,,,,,,,,,,,,,,,,,,,,,,,,,,,,,,,,,,,,,,,,,,,,,,,,,,,,,,,,,,,,,,,,,0.599,,,,,
Malawi,,,,,,,,,,,,,,,,,,,,,,,,,,,,,,,,,,,,,5.4,,,,,,,,,,,,,,,,,,,,,,,,,,,,,,5.95,,,,
Malaysia,,,,,,,,,,,,,,,,,,,,,,,,,,,,,,,,,,,,3.4,3.8,5.84,6.92,8.29,7.33,7.26,5.73,4.5,,3.71,4.11,,3.15,2.52,2.45,3.2,3.43,3,3.53,3.48,3.61,3.54,3.53,3.32,3.23,3.34,3.69,3.25,3.05,3.04,3.11,2.88,3.1,3.44,3.41
Maldives,,,,,,,,,,,,,,,,,,,,,,,,,,,,,,,,,,,,,,,,,,,,,,,,,,,,,,,,,,,,,,,,,,,,,,6.12,
Mali,,,,,,,,,,,,,,,,,,,,,,,,,,,,,,,,,,,,,,,,,,,,,,,,,,,,,,,,,,,,,11.7,,,8.07,,,,6.38,7.73,9.73,
Malta,,,,,,,,,,,,,,,,,,,,,,,,,,,,,,,,,,,,,,,,,,,,,,,,,,,,,,6.32,7.11,6.9,7.49,7.32,6.92,6.8,6.47,5.98,6.89,6.85,6.38,6.31,6.39,5.8,5.39,4.7,4.57
Marshall Islands,,,,,,,,,,,,,,,,,,,,,,,,,,,,,,,,,,,,,,,,,,,,,,,,,,,,,,,,,,,25.4,,,,,,,,,,,,
Mauritania,,,,,,,,,,,,,,,,,,,,,,,,,,,,,,,,,,,,,,,,,,,,,,,,,,,,,,,,,,,,,,,,,,9.86,,,,,
Mauritius,,,,,,,,,,,,,,,,,,,,,,,,,,,,,,,,,,,,,,,,,,,,,,,,,9.59,,,,,,9.14,8.2,5.9,8.34,9.52,9.04,8.48,7.17,7.26,7.65,7.45,7.47,7.32,7.47,7.41,6.81,6.75
Mexico,,,,,,,,,,,,,,,,,,,,,,,,,,,,,,,,,,,,,,,,,,1.76,,,3.05,3.1,3.21,4.25,6.89,5.25,4.05,3.57,2.49,2.56,2.54,3,3.46,3.94,3.56,3.57,3.63,3.87,5.36,5.3,5.17,4.89,4.91,4.81,4.31,3.86,3.42
Moldova,,,,,,,,,,,,,,,,,,,,,,,,,,,,,,,,,,,,,,,,,,,,,,,,,,,,,11.1,8.46,7.29,6.8,7.95,8.17,7.29,7.38,5.07,3.98,6.4,7.45,6.68,5.58,5.1,3.86,3.69,4.18,4.1
Monaco,,,,,,,,,,,,,,,,,,,,,,,,,,,,,,,,,,,,,,,,,,,,,,,,,,,,,,3.6,,,,,,,,,,,,,,,,6.33,
Mongolia,,,,,,,,,,,,,,,,,,,,,,,,,,,,,,,,,,,,,,,,,,,,,,,,,,,,,,,,,6.8,,,,7.2,5.56,5.86,6.55,4.77,3.9,4.23,4.8,4.86,7.24,6.36
Montenegro,,,,,,,,,,,,,,,,,,,,,,,,,,,,,,,,,,,,,,,,,,,,,,,,,,,,,,,,,,,30.3,,19.4,17.1,19.1,19.6,19.7,20,19.5,18,17.5,17.7,16.1
Morocco,,,,,,,,,,,,,,,,,,,,,,,,,,,,,,,,,,,,,,,,,14.7,13.9,16.3,15.8,17,15.7,15.7,,22.9,17.8,16.7,19.1,13.9,13.6,12.5,11.6,11.9,10.8,11,9.67,9.56,9.57,8.96,9.09,8.91,8.99,9.23,9.7,9.46,9.3,
Mozambique,,,,,,,,,,,,,,,,,,,,,,,,,,,,,,,,,,,,,,,,,,,,,,,,,,,,,,,,,,,,,,,,,,,,,3.43,,
Myanmar,,,,,,,,,,,,,,,,,,,,,,,,,,,,,,,,,,,,,,,,,,,,,,,,,,,,,,,,,,,,,,,,,,,,,0.766,,1.55
Namibia,,,,,,,,,,,,,,,,,,,,,,,,,,,,,,,,,,,,,,,,,,,,,,,,19.4,,,24.4,,,20.3,,,,22.1,,,,,,,,16.8,19,18.5,,23.4,
Nauru,,,,,,,,,,,,,,,,,,,,,,,,,,,,,,,,,,,,,,,,,,,,,,,,,,,,,,,,22.8,,,,,,,,,23,,,,,,
Nepal,,,,,,,,,,,,,,,,,,,,,,,,,,,,,,,,,,,,,,,,,,,,,,,,,,4.5,,,1.85,,,,,,,,,1.34,,,,,,,,,
Netherlands,,,,,,,,,,,,,,,,,,,,,,,,,,,,,,,,,,,,,11.9,,10.5,,9.9,9.37,8.7,7.67,7.28,5.56,6.29,7.16,7.16,6.42,5.51,4.39,3.62,2.73,2.12,2.55,3.59,4.65,4.72,3.9,3.18,2.75,3.41,4.45,4.98,5.82,7.24,7.42,6.87,6.01,4.84
New Zealand,,,,,,,,,,,,,,,,,,,,,,,,,,,,,,,,,,,,,,,,4.19,4.21,5.77,7.31,7.98,10.6,10.7,9.8,8.35,6.46,6.29,6.86,7.72,7.02,6.13,5.43,5.28,4.75,4,3.81,3.86,3.66,4.17,6.12,6.56,6.49,6.93,6.26,5.75,5.37,5.1,4.7
Nicaragua,,,,,,,,,,,,,,,,,,,,,,,,,,,,,,,,,,,,,,,,,,,,,,,,,,,,,,,,,7.6,6.41,5.37,5.31,4.89,6.2,8.16,7.83,,5.21,5.28,,,,
Niger,,,,,,,,,,,,,,,,,,,,,,,,,,,,,,,,,,,,,,,,,,,,,,,,,,,,,,,,,,,3.1,,,,,,,,,,,,
Nigeria,,,,,,,,,,,,,,,,,,,,,,,,,,,,,,,,,,,,,,,,3.94,,,,,,,,,,,,,,,,,,,,,,,,,,,,4.56,4.31,7.06,
North Macedonia,,,,,,,,,,,,,,,,,,,,,,,,,,,,,,,,,,,,,,,,,,,,,,,,,,,,,,,,,,37.2,37.2,36,34.9,33.8,32.2,32,31.4,31,29,28,26.1,23.7,22.4
Norway,,,,,,,,,,,,,,,,,,,,,,,,,,,,,,,,,,,,,,,,,,,,5.26,5.41,5.91,5.96,5.35,6.31,5.04,4.69,3.74,3.25,3.46,3.74,4.02,4.22,4.26,4.38,3.4,2.49,2.55,3.1,3.52,3.21,3.12,3.42,3.48,4.3,4.68,4.16
Oman,,,,,,,,,,,,,,,,,,,,,,,,,,,,,,,,,,,,,,,,,,,,,,,,,,,,,,,,,,,,,,4.14,,,,,,,,3.27,
Pakistan,,,,,,,,,,,,,,,,,,,,,,,,,2.09,2.15,2,1.67,1.7,1.9,1.9,4.18,4.12,4.01,3.82,3.82,4.3,4.16,3.97,3.97,3.05,2.16,2.03,1.97,5.85,5.18,4.28,4.26,5.03,4.79,5.81,5.7,5.35,7.16,6.88,7.83,7.49,7.4,7.05,0.582,0.398,0.423,0.535,0.653,0.796,,2.95,1.83,3.57,,
Palau,,,,,,,,,,,,,,,,,,,,,,,,,,,,,,,,,,,,,,,,,,,,7.76,,,,,7.03,,,,,3.3,,,,,4.18,,,,,,,,,,,,
Palestine,,,,,,,,,,,,,,,,,,,,,,,,,,,,,,,,,,,,,,,,,,,,,,,,,14.4,,,,,13.5,25.3,31.2,25.5,26.8,23.5,23.7,21.7,26.6,24.5,23.7,20.9,23,23.4,26.9,25.8,26.9,27.4
Panama,,,,,,,,,,,,,,,,,,,,,,,,7.1,7.6,6.79,6.99,5.8,6.41,6.67,8.73,8.06,8.78,,,8.41,9.71,10.1,12.3,10.5,11.8,16.3,16.3,,16.1,14.7,13.3,14,14,14.3,13.4,14,11.8,13.5,14.7,14.1,13.6,12.4,10.3,9.11,6.78,,6.56,3.71,2.31,2.39,2.3,2.72,3,3.31,3.9
Papua New Guinea,,,,,,,,,,,,,,,,,,,,,,,,,,,,,,,,,,,,,,,,,,,,,,,,,,,,,,,,,,,,,,,,2,,,,,,,
Paraguay,,,,,,,,,,,,,,,,,,,,,,,,,,,,,,,,,5.69,4.11,,5.61,8.25,7.33,5.13,6.1,5.51,4.72,5.62,5.8,5.1,4.98,5.06,4.41,3.4,8.15,5.36,,9.4,7.61,,9.39,6.81,6.51,4.82,5.28,4.71,4.42,5.46,4.57,4.67,4.09,4.38,5.03,4.56,5.25,4.61
Peru,,,,,,,,,,,,,,,,,,,,,,,,,,,,,,,,,,,,,,,,,,,,,,,,,,,,,,7.8,,5.8,4.79,4.9,4.86,4.26,4.19,4.06,3.9,3.48,3.44,3.11,3.24,2.96,3,3.53,3.46
Philippines,,,,,,,,,,,,,,,,,,,,,,,6.7,,5.28,5.36,4.77,3.21,3.83,4.8,4.47,4,3.5,4.75,5.36,5.5,4.89,7.03,6.07,6.43,9.1,8.34,8.42,8.13,10.6,9.87,9.29,9.48,9.53,8.56,8.78,10.3,9.81,11.2,3.7,11.5,3.53,3.55,3.8,4.05,3.43,3.72,3.86,3.61,3.59,3.5,3.5,3.6,,2.71,2.55
Poland,,,,,,,,,,,,,,,,,,,,,,,,,,,,,,,,,,,,,,,,,,,,,,13.3,14,14.4,13.3,12.4,11,9.94,12.3,16.3,18.4,19.9,19.4,19.1,17.7,13.8,9.6,7.12,8.17,9.64,9.63,10.1,10.3,8.99,7.5,6.16,4.89
Portugal,,,,,,,,,,,,,,,,,,,,,,,,,,,,,,,,,,,,,,,,8.7,7.38,6.01,5.13,4.64,3.92,3.98,5.3,6.71,7.06,7.3,6.57,4.65,4.58,3.81,3.83,4.5,6.13,6.32,7.58,7.65,7.96,7.55,9.43,10.8,12.7,15.5,16.2,13.9,12.4,11.1,8.87
Qatar,,,,,,,,,,,,,,,,,,,,,,,,,,,,,,,,,,,,,,,,,,,,,,,,,,,,,,,,,,,,0.87,0.52,0.31,0.31,,0.56,0.48,0.27,0.19,0.16,0.14,0.14
Romania,,,,,,,,,,,,,,,,,,,,,,,,,,,,,,,,,,,,,,,,,,,,,,,,,,,5.51,5.63,6.24,6.97,6.56,8.11,6.95,7.72,7.17,7.27,6.41,5.79,6.86,6.96,7.18,6.79,7.1,6.8,6.81,5.9,4.93
Russia,,,,,,,,,,,,,,,,,,,,,,,,,,,,,,,,,,,,,,,,,,,,,,5.18,5.88,8.13,9.45,9.66,11.8,13.3,13,10.6,8.98,7.88,8.21,7.76,7.12,7.05,6,6.21,8.3,7.37,6.54,5.44,5.46,5.16,5.57,5.56,5.21
Rwanda,,,,,,,,,,,,,,,,,,,,,,,,,,,,,,,,,,,,,,,,,,,0.8,,,,,,,0.56,,,,,,,,,,,,,,,,,,,,,17.4
Samoa,,,,,,,,,,,,,,,,,,,,,,,,,,,,,,,,,,,,,,,,,,,,,,,,,,,,,,,,,,,,,,,,,,8.75,,8.72,,,
San Marino,,,,,,,,,,,,,,,,,,,,,,,,,,,,,,,,,4.8,5.8,,,,7.2,6.9,6.9,6.2,6,5.3,5.5,4.3,4.2,5.1,3.9,3.9,5.1,4.4,4.1,3,2.8,,,,,2.11,1.63,,,4.02,4.37,5.06,5.19,6.08,6.61,7.38,6.45,
Sao Tome and Principe,,,,,,,,,,,,,,,,,,,,,,,,,,,,,,,,,,,,,,,,,,,,,,,,,,,,,,14.4,,,,,,,,,,,,,,,,,
Saudi Arabia,,,,,,,,,,,,,,,,,,,,,,,,,,,,,,,,,,,,,,,,,,,,,,,,,,,,,4.35,4.57,4.62,5.27,5.56,5.82,6.05,6.25,5.73,5.08,5.38,5.55,5.77,5.52,5.57,5.72,5.59,5.65,5.89
Senegal,,,,,,,,,,,,,,,,,,,,,,,,,,,,,,,,,,,,,,,,,,,,,,,,,,,,,,,,,,,,,,,,,,,,,6.76,,
Serbia,,,,,,,,,,,,,,,,,,,,,,,,,,,,,,,,,,,,,,,,,,,,,,,,,13.4,13.2,13.8,13.7,13.7,12.6,12.8,13.8,15.2,18.5,20.9,20.9,18.1,13.7,16.1,19.2,23,24,22.2,19.2,17.9,15.3,13.5
Seychelles,,,,,,,,,,,,,,,,,,,,,,,,,,,,,,,,,,,,,,,,,,,,,,,,,,,,,,,,,,,5.5,,,,,,4.11,,,3.84,4.15,3.96,3.71
Sierra Leone,,,,,,,,,,,,,,,,,,,,,,,,,,,,,,,,,,,,,,,,,,,,,,,,,,,,,,,,,,,,,,,,,,,,4.68,,,
Singapore,,,,,,,,,,,,,,,,,,,,,,,,6.06,4.8,4.7,4.51,3.97,4.55,4.48,3.93,2.26,2.12,1.8,1.65,1.5,1.69,2.69,4.27,6.84,5,3.55,2.35,,2.18,3.09,3.07,3.03,3.3,3.57,2.5,3.41,4.85,3.7,3.76,5.65,5.93,5.84,5.59,4.48,3.9,3.96,5.86,4.12,3.89,3.72,3.86,3.74,3.79,4.08,
Slovak Republic,,,,,,,,,,,,,,,,,,,,,,,,,,,,,,,,,,,,,,,,,,,,,,,,13.7,13.1,11.3,11.9,12.2,15.9,19.1,19.4,18.7,17.1,18.6,16.3,13.4,11.1,9.51,12,14.4,13.6,14,14.2,13.2,11.5,9.67,8.13
Slovenia,,,,,,,,,,,,,,,,,,,,,,,,,,,,,,,,,,,,,,,,,,,,,,,,,,6.91,6.65,7.39,7.32,6.92,5.68,5.92,6.48,6.01,6.51,5.95,4.82,4.37,5.86,7.24,8.17,8.84,10.1,9.67,8.96,8,6.56
Solomon Islands,,,,,,,,,,,,,,,,,,,,,,,,,,,,,,,,,,,,,,,,,,,,,,,,,,,,,,,,,,,,,,,2.02,,,,,,,,
South Africa,,,,,,,,,,,,,,,,,,,,,,,,,,,,,,,,,,,,,,,,,,,,,,,,,,,,25,25.4,30.2,30.9,33.5,32.5,29.6,29.3,28.5,26.7,22.4,23.5,24.7,24.7,24.7,24.6,24.9,25.2,26.6,27.3
South Korea,,,,,,,,,,,,,,,,,,,,,,,4.86,4.51,4.57,4.59,4.04,4.15,4.18,3.81,3.81,3.17,3.81,5.2,4.51,4.36,4.07,3.8,3.98,3.81,3.09,2.52,2.57,2.45,2.41,2.51,2.88,2.48,2.06,2.05,2.61,6.96,6.34,4.4,4,3.3,3.6,3.7,3.7,3.5,3.2,3.2,3.6,3.7,3.4,3.2,3.1,3.5,3.6,3.7,3.7
South Sudan,,,,,,,,,,,,,,,,,,,,,,,,,,,,,,,,,,,,,,,,,,,,,,,,,,,,,,,,,,,,,,12.2,,,,,,,,,
Spain,,,,,,,,,,,,,,,,,,,,,,,,,,,,,,,,,,,,,,,,21.3,20.6,19.9,17.3,16.3,15.9,17.7,22.2,24.2,22.7,22.1,20.7,18.7,15.5,13.8,10.3,11.1,11.3,11.1,9.15,8.45,8.23,11.3,17.9,19.9,21.4,24.8,26.1,24.4,22.1,19.6,17.2
Sri Lanka,,,,,,,,,,,,,,,,,,,,,,,,,,,,,,,,,,,,,,,,,,,,15.9,14.7,14.2,13.8,13,12.3,11.3,10.6,9.17,8.88,7.74,7.9,8.76,8.22,8.38,7.67,6.5,5.97,5.22,5.85,4.94,4.11,3.88,4.44,4.4,4.67,4.37,4.18
St. Kitts and Nevis,,,,,,,,,,,,,,,,,,,,,,,,,,,,,,,,,,9.83,,,,,,,,,,,5.14,,,,,,,,,,5.12,,,,,,,,,,,,,,,,
St. Lucia,,,,,,,,,,,,,,,,,,,,,,,,,,,,,,,,,,,,,,,,,,,,,,,,17,15.8,16.3,20.5,21.6,18.1,16.5,,20.4,22.2,21,18.7,16,14,12.7,15.4,,18.9,19.1,22.2,,24.1,21.3,
St. Vincent and the Grenadines,,,,,,,,,,,,,,,,,,,,,,,,,,,,,,,,,,23.5,,,,,,,,,,,19.8,,,,,,,,,,21.1,,,,,,,,,,,,,,,,
Sudan,,,,,,,,,,,,,,,,,,,,,,,,,,,,,,,,,,,,,,,,,,,,,,,,,,,,,,,,,,,,,,,13,,,,,,,,
Suriname,,,,,,,,,,,,,,,,,,,,,,,,,,,,,,,,,,,,,,,,,,,,,,,,,,,,,,,,,,,,,,,8.72,7.15,7.54,8.1,6.6,6.94,7.22,,
Swaziland,,,,,,,,,,,,,,,,,,,,,,,,,,,,,,,,,,,,,,,,,,,,,,,,,,,,,,,,,,,,,28.2,,,,,,,,,22.7,
Sweden,,,,,,,,,,,,,,,,,,,,,,,,,,,,,,,,,,,,,,,,,,,,1.83,3.24,5.72,9.33,9.58,8.9,9.55,10.4,8.94,7.61,5.47,4.73,4.97,5.55,6.69,7.49,7.07,6.16,6.23,8.35,8.61,7.8,7.98,8.05,7.95,7.43,6.99,6.72
Switzerland,,,,,,,,,,,,,,,,,,,,,,,,,,,,,,,,,,,,,,,,,,,,,1.78,2.81,3.72,3.88,3.33,3.71,4.2,3.6,3.15,2.67,2.49,2.92,4.12,4.32,4.44,4,3.65,3.35,4.12,4.81,4.41,4.48,4.75,4.83,4.8,4.92,4.8
Syria,,,,,,,,,,,,,,,,,,,,,,,4.3,6.4,7.5,4.7,4.5,5.1,4.81,6.2,5,4.5,3.8,,,,4.24,4.7,,,,,5.78,,6.75,,7.4,7.5,7.2,,,,7.6,,11.6,11.7,10.3,,,8.17,8.42,10.9,8.14,8.61,,,,,,,
Tajikistan,,,,,,,,,,,,,,,,,,,,,,,,,,,,,,,,,,,,,,,,,,,,,,,,,,,,,,,,,,,,,,,11.5,,,,,,,,
Tanzania,,,,,,,,,,,,,,,,,,,,,,,,,,,,,,,,,,,,,,,,,,,,,3.6,,,,,,,,,,2.99,,,,,3.3,,,2.5,,,,,2.12,,,
Thailand,,,,,,,,,,,,,,,,,,,,,,,,,0.19,0.51,0.43,0.47,0.45,0.6,0.9,0.75,0.92,0.93,1.26,2.66,2.9,2.9,4.93,3.5,5.77,3.04,1.39,2.21,2.63,1.35,1.49,1.35,1.1,1.07,0.873,3.4,2.97,2.39,2.6,1.82,1.54,1.51,1.35,1.22,1.18,1.18,1.49,0.622,0.66,0.58,0.489,0.576,0.597,0.688,
Timor-Leste,,,,,,,,,,,,,,,,,,,,,,,,,,,,,,,,,,,,,,,,,,,,,,,,,,,,,,,,,,,,,,,,3.3,,,11,,,,
Togo,,,,,,,,,,,,,,,,,,,,,,,,,,,,,,,,,,,,,,,,,,,,,,,,,,,,,,,,,,,,,,,,,1.98,,,,2.2,,
Tonga,,,,,,,,,,,,,,,,,,,,,,,,,,,,,,,,,,,,,,,,,,,,4.16,,,1.3,,,,,,,,,,5.18,,,,,,,,,,,,,,
Trinidad and Tobago,,,,,,,,,,,,,,,,,,,,,,,13.2,12.8,13,,15.4,15.2,15,,8.98,7.27,6.75,6.03,6.31,6.22,6.61,8.17,9.31,9.37,22.1,21.9,21.9,19.9,18.5,19.7,19.8,18.4,17.2,16.3,15,14.2,13.1,12.1,10.9,10.4,10.5,8.33,7.95,6.27,5.54,4.63,5.28,3.77,3.25,3.45,2.46,2.22,2.21,2.97,
Tunisia,,,,,,,,,,,,,,,,,,,,,,,,,,,,,,,,,,,,,,,,,,,16.1,,,,,,,,15.9,,15.2,14.9,14.4,14.6,14.5,14.2,12.9,12.5,12.4,12.4,13.3,13,18.3,17.6,15.9,,15.2,15.5,15.4
Turkey,,,,,,,,,,,,,,,,,,,,,,,,,,,,,,,,,,,,,,,,,,,,8.02,8.21,8.51,8.96,8.58,7.64,6.63,6.84,6.89,7.69,6.5,8.38,10.4,10.5,10.8,10.6,8.72,8.87,9.71,12.6,10.7,8.8,8.15,8.73,9.88,10.2,10.8,10.8
Turkmenistan,,,,,,,,,,,,,,,,,,,,,,,,,,,,,,,,,,,,,,,,,,,,,,,,,,,,,,,,,,,,,,,,4,,,,,,,
Tuvalu,,,,,,,,,,,,,,,,,,,,,,,,,,,,,,,,,,,,,,,,,,,,,,,,,,,,,,,,6.53,,16.3,6.5,,,,,,,,,,,,
Uganda,,,,,,,,,,,,,,,,,,,,,,,,,,,,,,,,,,,,,,,,,,,,,,,,,,,,,,,,,3.6,,,,,,,,,,,,,,
Ukraine,,,,,,,,,,,,,,,,,,,,,,,,,,,,,,,,,,,,,,,,,,,,,,,,,5.62,7.65,8.93,11.3,11.9,11.7,11.1,10.1,9.06,8.59,7.18,6.81,6.35,6.36,8.84,8.1,7.86,7.53,7.17,9.27,9.14,9.35,9.51
United Arab Emirates,,,,,,,,,,,,,,,,,,,,,,,,,,,,,,,,,,,,,,,,,,,,,,,,,,,,,,,,,,,,,,,,,,,,,,1.64,2.46
United Kingdom,,,,,,,,,,,,,,,,,,,,,,,,,,,,,,,,,,,,,11.1,10.9,11.5,11.5,11,9.01,7.41,6.97,8.55,9.78,10.3,9.65,8.69,8.19,7.07,6.2,6.04,5.56,4.7,5.04,4.81,4.59,4.75,5.35,5.26,5.62,7.54,7.79,8.04,7.89,7.53,6.11,5.3,4.81,4.33
United States,3.9,3.8,5.9,5.3,3.3,3,2.9,5.5,4.4,4.1,4.3,6.8,5.5,5.5,6.7,5.5,5.7,5.2,4.5,3.8,3.8,3.6,3.5,4.9,5.9,5.6,4.9,5.6,8.5,7.7,7.1,6.1,5.8,7.1,7.6,9.7,9.6,7.5,7.2,7,6.2,5.5,5.3,5.6,6.8,7.5,6.9,6.12,5.65,5.45,5,4.51,4.22,3.99,4.73,5.78,5.99,5.53,5.08,4.62,4.62,5.78,9.25,9.63,8.95,8.07,7.37,6.17,5.28,4.87,4.36
Uruguay,,,,,,,,,,,,,,,,,,,,,,,,7.5,7.6,7.7,8.9,8.1,,,,,,7.3,6.6,11.7,,9.94,,10.7,9.1,,,8.53,8.95,8.96,8.35,9.04,10,11.9,11.4,9.78,11.3,13.3,14.9,16.9,16.4,13,12,10.8,9.4,8.03,7.74,7.16,6.31,6.45,6.44,6.55,7.49,7.84,7.89
Uzbekistan,,,,,,,,,,,,,,,,,,,,,,,,,,,,,,,,,,,,,,,,,,,,,,,,,,,,,,,,,,,,,4.99,4.89,5.04,5.36,4.96,4.87,4.86,5.09,5.15,5.16,
Vanuatu,,,,,,,,,,,,,,,,,,,,,,,,,,,,,,,,,,,,,,,,,,,,,,,,,,,,,,,,,,,,,,,5.46,,,,,,,,
Venezuela,,,,,,,,,,,,,,,,,,,,,,,,,,,,,7.01,6.34,5.11,4.98,5.81,5.89,7,8.05,11.5,12.9,13.2,10.9,9.1,7.28,9.74,,,,,8.56,10.2,11.8,,,,,,16.2,16.8,,10.7,8.61,7.28,6.25,6.1,7.11,6.9,6.6,,,,,
Vietnam,,,,,,,,,,,,,,,,,,,,,,,,,,,,,,,,,,,,,,,,,,,,,,,,,,1.93,2.87,2.29,2.33,2.26,2.76,2.12,2.25,2.14,,,2.03,2.38,1.74,1.11,0.999,1.03,1.25,1.26,1.86,1.85,1.89
Yemen,,,,,,,,,,,,,,,,,,,,,,,,,,,,,,,,,,,,,,,,,,,,,,,,,,,,,11.5,,,,,,,,,,,,,,,13.5,,,
Zambia,,,,,,,,,,,,,,,,,,,,,,,,,,,,,,,,,,,,,,,,13,,,,,,,,,,,,,,,,,,,15.9,,,7.93,,,,7.85,,,,,
Zimbabwe,,,,,,,,,,,,,,,,,,,,,,,,,,,,,,,,,,,,,,,,,7.18,,,,,,,4.96,,,6.93,,6,,,,,4.39,,,,,,,5.37,,,11.3,,,
